Model,ROUGE-1,ROUGE-2,ROUGE-L
LongT5,0.3178092656665298,0.1576515275168197,0.2335139159466185
LED,0.462684348964141,0.2595330940119819,0.337338874553288
PRIMERA,0.4458956141864225,0.2434918421124891,0.3210280283843833
Flan-T5-XL,0.3043998261356998,0.1732111557144666,0.2433064337182752
Qwen2-7B-Instruct,0.2767447775277545,0.17016197330356858,0.2027548744746799
LLaMA-3-8B-Instruct,0.26375064930223846,0.15780755147884423,0.19664435802625913
HGP-Lite-LongT5 (Proposed),0.2967842516,0.1393138096,0.2146144933